id,name,description,output_type
output_1,oGRR,,
output_2,oPub,,
output_3,oAddedGRR,,
output_4,oNewCommand,,
output_5,oNewSchCntr,,
output_6,Orientation,,
output_7,oView,,
output_8,oNewSchCntr,,
output_9,oInternalFlowAdded,,
output_10,oInternalFlowAdded,,
output_11,oNewJoint,,
output_12,oCorner,,
output_13,oAffinity,,
output_14,oAxisLine,,
output_15,oAxisToAxis,,
output_16,oBlend,,
output_17,oBoundary,,
output_18,oBoundary,,
output_19,oCircle,,
output_20,oCircle,,
output_21,oCircle,,
output_22,oCircle,,
output_23,oCircle,,
output_24,oCircle,,
output_25,oCircle,,
output_26,oCircle,,
output_27,oCircle,,
output_28,oCircle,,
output_29,oCircle,,
output_30,oCircle,,
output_31,oCircle,,
output_32,oCombine,,
output_33,oConic,,
output_34,oReflectLine,,
output_35,oConnect,,
output_36,oCorner,,
output_37,oCurve,,
output_38,Orientation,,
output_39,oCurvePar,,
output_40,oCurveSmooth,,
output_41,oCylinderObject,,
output_42,oArrayOfDatum,,
output_43,oExt,,
output_44,oDirection,,
output_45,oDirection,,
output_46,oExt,,
output_47,oExt,,
output_48,oExtrapol,,
output_49,oExtrapol,,
output_50,oExt,,
output_51,opIAExtPolar,,
output_52,oExtrudeObject,,
output_53,oFill,,
output_54,oFillet,,
output_55,oFillet,,
output_56,oHealing,,
output_57,oHelix,,
output_58,oScaling,,
output_59,oSplit,,
output_60,oTrim,,
output_61,oIntersection,,
output_62,oInv,,
output_63,oExt,,
output_64,oLaw,,
output_65,oLine,,
output_66,oLine,,
output_67,oLine,,
output_68,oLine,,
output_69,oLine,,
output_70,oLine,,
output_71,oLine,,
output_72,oLine,,
output_73,oLine,,
output_74,oLine,,
output_75,oLine,,
output_76,oLine,,
output_77,oLine,,
output_78,oLine,,
output_79,oLine,,
output_80,oLine,,
output_81,oExt,,
output_82,oNear,,
output_83,oOffsetObject,,
output_84,oPlane,,
output_85,oPlane,,
output_86,oPlane,,
output_87,oPlane,,
output_88,oPlane,,
output_89,oPlane,,
output_90,oPlane,,
output_91,oIListOfPoints,,
output_92,oPlane,,
output_93,oPlane,,
output_94,oPlane,,
output_95,oPlane,,
output_96,oPlane,,
output_97,oPoint,,
output_98,oPoint,,
output_99,oPoint,,
output_100,oPoint,,
output_101,oPoint,,
output_102,oPoint,,
output_103,oPoint,,
output_104,oPoint,,
output_105,oPoint,,
output_106,oPoint,,
output_107,oPoint,,
output_108,oPoint,,
output_109,oPoint,,
output_110,oPoint,,
output_111,oPoint,,
output_112,oPoint,,
output_113,oPolyline,,
output_114,oExt,,
output_115,oProjection,,
output_116,oReflectLine,,
output_117,oReflectLine,,
output_118,oRevolObject,,
output_119,oRotate,,
output_120,oSection,,
output_121,oSphereObject,,
output_122,oExt,,
output_123,oSpiral,,
output_124,oSpline,,
output_125,oSurface,,
output_126,oExt,,
output_127,opIASweepConic,,
output_128,oExt,,
output_129,oExt,,
output_130,oSymmetry,,
output_131,oExt,,
output_132,oTranslate,,
output_133,oTranslate,,
output_134,oExt,,
output_135,oVolume,,
output_136,oWrapCurve,,
output_137,oWrapSurface,,
output_138,oChannel,,
output_139,Orientation,,
output_140,oNewAppCntr,,
output_141,oNewAppRoute,,
output_142,oPriority,,
output_143,oConnection,,
output_144,oConnection,,
output_145,oAppComp,,
output_146,oAppComp,,
output_147,oNewAppCompInst,,
output_148,oAppConnection,,
output_149,oAppConnection,,
output_150,oAppGroup,,
output_151,oAppGroup,,
output_152,oSchAppRoute,,
output_153,oNewAppCompRef,,
output_154,oAppRoute,,
output_155,oAppRoute,,
output_156,oAppRoute,,
output_157,oAppRoute,,
output_158,oAppRoute,,
output_159,oAppZone,,
output_160,oAppZone,,
output_161,oConnectable,,
output_162,oLBaseCompClasses,,
output_163,oColor,,
output_164,oGRRDefaultName,,
output_165,oCaption,,
output_166,oMessage,,
output_167,oEFlowCapability,,
output_168,oEFlowReality,,
output_169,oGroupClassName,,
output_170,oLCntrs,,
output_171,oLDocumentNames,,
output_172,oPublicationName,,
output_173,oPublicationName,,
output_174,oLDocumentName,,
output_175,oLDocumentUuid,,
output_176,oLOpenStatus,,
output_177,oLCntr,,
output_178,oDocument,,
output_179,oDocumentName,,
output_180,oSymbolicLinkName,,
output_181,oMasterImage,,
output_182,oReferenceName,,
output_183,oRouteClassName,,
output_184,oPriority,,
output_185,oZoneClassName,,
output_186,oBYes,,
output_187,oBYes,,
output_188,oBYes,,
output_189,oNLSFileName,,
output_190,oNLSFileKeyToMessage,,
output_191,oLSourceCntrs,,
output_192,oBYes,,
output_193,oLOKCntrs,,
output_194,oBYes,,
output_195,oLOKCntrs,,
output_196,oBYes,,
output_197,oStatus,,
output_198,oLCntrCompatClassTypes,,
output_199,oLCntrClassFilter,,
output_200,oLCntbles,,
output_201,oLCntrs,,
output_202,oLCntrClassFilter,,
output_203,oLCntbles,,
output_204,oLCntrsOnThisObj,,
output_205,oLCntrsOnConnected,,
output_206,oLCntnClassFilter,,
output_207,oLConnections,,
output_208,oLCntrClassFilter,,
output_209,oLCntrs,,
output_210,oLCntrClassFilter,,
output_211,oLCntrs,,
output_212,oLGRRNames,,
output_213,oLUKImages,,
output_214,oLConnectorNamesAllowed,,
output_215,oLValidCntrTypes,,
output_216,oLValidRouteTypes,,
output_217,oLAppCntbl,,
output_218,oBYes,,
output_219,oBYes,,
output_220,oBYes,,
output_221,oBYes,,
output_222,oBYes,,
output_223,oBYes,,
output_224,oBYes,,
output_225,oBYes,,
output_226,oBYes,,
output_227,oBYes,,
output_228,oBYes,,
output_229,oBYes,,
output_230,oBYes,,
output_231,oBYes,,
output_232,oOK,,
output_233,oOK,,
output_234,oDocument,,
output_235,oBShow,,
output_236,oImage,,
output_237,oAttachment,,
output_238,oName,,
output_239,oBranchCntn,,
output_240,oNewBranchCntr,,
output_241,oNewSchRoute,,
output_242,oNewGRRRoute,,
output_243,oPath,,
output_244,oValueInMKS,,
output_245,oValueInThisUnit,,
output_246,oXMLFileName,,
output_247,oValueInMKS,,
output_248,oValueInStorageUnit,,
output_249,oNRLTargetFolder,,
output_250,oAppZone,,
output_251,oLayout,,
output_252,oCreatedOperation,,
output_253,oBoard,,
output_254,oCreatedCallTask,,
output_255,oCapture,,
output_256,oCreatedChild,,
output_257,oComponent,,
output_258,oNewComponent,,
output_259,oDatum,,
output_260,oDatum,,
output_261,oNewDoc,,
output_262,oDatum,,
output_263,oText,,
output_264,oFlagNote,,
output_265,oGRRCntr,,
output_266,oGRRGroup,,
output_267,oGRRRoute,,
output_268,oGRRRouteEllipse,,
output_269,oGRRZone,,
output_270,oAccuracyProfile,,
output_271,oGenericAction,,
output_272,oMotionProfile,,
output_273,oObjFrameProfile,,
output_274,oToolProfile,,
output_275,oLoadParameters,,
output_276,oSchComp,,
output_277,opMfgAssembly,,
output_278,oNetwork,,
output_279,oDimension,,
output_280,oCreatedOperation,,
output_281,oPanel,,
output_282,oAppParameterProfile,,
output_283,oTargetMotion,,
output_284,oRobotTask,,
output_285,oRoughness,,
output_286,oSchRoute,,
output_287,oRouteSymbol,,
output_288,oSchGroup,,
output_289,oSchComp,,
output_290,oSchRoute,,
output_291,oSchRoute,,
output_292,oSchZone,,
output_293,oDimension,,
output_294,oTag,,
output_295,oTag,,
output_296,oTag,,
output_297,oTagGroup,,
output_298,oTagGroup,,
output_299,oTag,,
output_300,oText,,
output_301,oNoa,,
output_302,oText,,
output_303,Offset,,
output_304,oDesignGeometriesListSize,,
output_305,oDim,,
output_306,oDir,,
output_307,out,,
output_308,oXMLFileName,,
output_309,oResult,,
output_310,oResult,,
output_311,oError,,
output_312,oField,,
output_313,oFilePath,,
output_314,oAllFit,,
output_315,oInterfaceFound,,
output_316,oListObsoleteObj,,
output_317,oLNetworks,,
output_318,oFixtureGeometriesListSize,,
output_319,oFlagNote,,
output_320,oFirstBox,,
output_321,oSecondBox,,
output_322,oThirdBox,,
output_323,oGeneratedID,,
output_324,oAccuracyProfile,,
output_325,oChildrenList,,
output_326,oTask,,
output_327,oMfgActivities,,
output_328,oDb2AlignVector,,
output_329,oCntr,,
output_330,oAlignmentDirection,,
output_331,oAlignmentDirection,,
output_332,oOperationList,,
output_333,oAllInstancesOnProduct,,
output_334,oRobotTaskList,,
output_335,oTaskList,,
output_336,oEGraphicStyle,,
output_337,oLocked,,
output_338,oModified,,
output_339,oLocked,,
output_340,oModified,,
output_341,oLocked,,
output_342,oModified,,
output_343,oLocked,,
output_344,oModified,,
output_345,oFirstType,,
output_346,oSecondType,,
output_347,oElem,,
output_348,opStartAng,,
output_349,opEndAng,,
output_350,oLawType,,
output_351,oValue,,
output_352,oValue,,
output_353,oLocked,,
output_354,oModified,,
output_355,oLocked,,
output_356,oModified,,
output_357,oLocked,,
output_358,oModified,,
output_359,oApplication,,
output_360,oSymbol,,
output_361,out,,
output_362,oItemList,,
output_363,oConnectable,,
output_364,oAnnotationsList,,
output_365,oAnnotationsListCount,,
output_366,oTipList,,
output_367,oAtomicActivities,,
output_368,oOwner,,
output_369,oOwner,,
output_370,oAttachFactory,,
output_371,oEncapsulatedAttributeValue,,
output_372,oName,,
output_373,oValue,,
output_374,oNum,,
output_375,oAuxillaryAxisValues,,
output_376,oHomeName,,
output_377,oAuxillaryAxisValues,,
output_378,oVector,,
output_379,oAxis,,
output_380,oCoordinates,,
output_381,oProduct,,
output_382,oAxisSysteme,,
output_383,oBackFaceCullingMode,,
output_384,oBefore,,
output_385,oAfter,,
output_386,oUpper,,
output_387,oLower,,
output_388,oDb2CntrPt,,
output_389,oBestCntr,,
output_390,others,,
output_391,oAttrValue,,
output_392,oSize,,
output_393,oValues,,
output_394,oContinuity,,
output_395,oLDbPts,,
output_396,oListBranchIDs,,
output_397,oCoordinates,,
output_398,oCoordinates,,
output_399,oCartesianTarget,,
output_400,oAlign,,
output_401,oType,,
output_402,oName,,
output_403,oText,,
output_404,oString,,
output_405,oListOfMergeCells,,
output_406,oCoordinates,,
output_407,oX,,
output_408,oY,,
output_409,oZ,,
output_410,oChild,,
output_411,oChildMA,,
output_412,oSurfOri1,,
output_413,oSurfOri2,,
output_414,oSurfCouplOri1,,
output_415,oSurfCouplOri2,,
output_416,oNo,,
output_417,oVal1,,
output_418,oVal2,,
output_419,oX,,
output_420,oY,,
output_421,oKeptSide,,
output_422,oClosed,,
output_423,oR,,
output_424,oG,,
output_425,oB,,
output_426,oA,,
output_427,oColor,,
output_428,oColSize,,
output_429,oColumnsNumber,,
output_430,oAxisComponentsArray,,
output_431,oconfig,,
output_432,oConfigNumber,,
output_433,oConnex,,
output_434,oCurrentElement,,
output_435,oCstType,,
output_436,oAnchorPoint,,
output_437,oAnchorVector,,
output_438,oSize,,
output_439,oCtrlPoints,,
output_440,oController,,
output_441,oController,,
output_442,oController,,
output_443,oController,,
output_444,oCoordinates,,
output_445,oCoord,,
output_446,oPoint,,
output_447,oCoordinates,,
output_448,oNumOfEntities,,
output_449,oApplicationID,,
output_450,oCurDoc,,
output_451,oRadius,,
output_452,oReferenceCurve,,
output_453,oTargetCurve,,
output_454,oElem,,
output_455,oRealNameUnix,,
output_456,oRealNameNT,,
output_457,oRealNameUnix,,
output_458,oRealNameNT,,
output_459,oTabDLName,,
output_460,oNbDLname,,
output_461,oTabDLName,,
output_462,oFlag,,
output_463,oValues,,
output_464,oValues,,
output_465,oCntr,,
output_466,oLocked,,
output_467,oModified,,
output_468,oLocked,,
output_469,oModified,,
output_470,oLocked,,
output_471,oModified,,
output_472,oLocked,,
output_473,oModified,,
output_474,oDetailingID,,
output_475,oCurrentlyLoadedDetailing,,
output_476,oListDetailingNames,,
output_477,odeviation,,
output_478,oValues,,
output_479,oLocked,,
output_480,oModified,,
output_481,oLocked,,
output_482,oModified,,
output_483,oLocked,,
output_484,oModified,,
output_485,oLocked,,
output_486,oModified,,
output_487,oLocked,,
output_488,oModified,,
output_489,oLocked,,
output_490,oModified,,
output_491,oDirection,,
output_492,oDirection,,
output_493,oInvertFlag,,
output_494,oDisplUnit,,
output_495,oAttrValue,,
output_496,opIAElement,,
output_497,oAngle,,
output_498,oCount,,
output_499,oDriverCfgPath,,
output_500,oAdminLevel,,
output_501,oLocked,,
output_502,oElem,,
output_503,oElement,,
output_504,oElemBehav,,
output_505,oMFFLag,,
output_506,oHFFlag,,
output_507,oRIFlag,,
output_508,oIMFlag,,
output_509,oINFlag,,
output_510,oSize,,
output_511,oDb2EndPt,,
output_512,oLDb4Pts,,
output_513,oOrientation,,
output_514,oProducts,,
output_515,oRegions,,
output_516,oRegions,,
output_517,oLocked,,
output_518,oModified,,
output_519,oRouteCntr1,,
output_520,oRouteCntr2,,
output_521,oStream,,
output_522,oCntr,,
output_523,oFace,,
output_524,oStartFace,,
output_525,oEndFace,,
output_526,oFakeDimValue,,
output_527,opiFastener,,
output_528,oElement,,
output_529,oFeedrateType,,
output_530,oFeedrate,,
output_531,oElem1,,
output_532,oElem2,,
output_533,olLawType,,
output_534,oFirstType,,
output_535,opIAElem,,
output_536,oLength1,,
output_537,oLength2,,
output_538,oLawType,,
output_539,oCoordinates,,
output_540,oCoordinates,,
output_541,oMode,,
output_542,oFrmDspFact,,
output_543,oFormatMode,,
output_544,oFmName,,
output_545,oFrmPrecision,,
output_546,oFrmType,,
output_547,oFrmUnit,,
output_548,oCenter,,
output_549,oRadius,,
output_550,oListFromMajor,,
output_551,oListFromMinor,,
output_552,oListToMajor,,
output_553,oListToMinor,,
output_554,oFromToLabel,,
output_555,oFTMajor,,
output_556,oFTMinor,,
output_557,oSize,,
output_558,oSize,,
output_559,oMode,,
output_560,oAngle,,
output_561,oHeight,,
output_562,oWidth,,
output_563,oGRRName,,
output_564,oGRRRoute,,
output_565,oGap,,
output_566,oConductance,,
output_567,oClearance,,
output_568,oTemperature,,
output_569,oGeomInfos,,
output_570,oGeomInfos,,
output_571,oType,,
output_572,oLocked,,
output_573,oModified,,
output_574,oGuide,,
output_575,oGuideTangent,,
output_576,opIAGuide,,
output_577,oProduct,,
output_578,oRef,,
output_579,oProduct,,
output_580,oRef,,
output_581,oProduct,,
output_582,oRef,,
output_583,oHomePosList,,
output_584,oIsUnique,,
output_585,oTypeBSTR,,
output_586,oSubTypeBSTR,,
output_587,oInertiaMatrixArray,,
output_588,oMatrix,,
output_589,oEInternalFlowType,,
output_590,oTgtDir,,
output_591,oEndPoint,,
output_592,oOrientation,,
output_593,oInternalElement,,
output_594,oNbIntOnExtLine,,
output_595,oInterruptions,,
output_596,oInterruptions,,
output_597,oElem,,
output_598,oInfo,,
output_599,oListOfParts,,
output_600,oJointTarget,,
output_601,oJointVals,,
output_602,oElem,,
output_603,oElem,,
output_604,oLabel,,
output_605,oR,,
output_606,oG,,
output_607,oB,,
output_608,oLocked,,
output_609,oModified,,
output_610,oObject,,
output_611,oErrorParam,,
output_612,oErrorCode,,
output_613,oLayerType,,
output_614,oLayerValue,,
output_615,oLayersNumber,,
output_616,obVisible,,
output_617,oLength,,
output_618,oFirstType,,
output_619,oSecondType,,
output_620,oType,,
output_621,oType,,
output_622,oType,,
output_623,oType,,
output_624,oType,,
output_625,oType,,
output_626,oType,,
output_627,oLimit,,
output_628,oThickness,,
output_629,oType,,
output_630,oStiffnessValue,,
output_631,oLinesNumber,,
output_632,oSchConnector,,
output_633,oDocumentName,,
output_634,oInfo,,
output_635,oFileName,,
output_636,oListOfExtractedConstraints,,
output_637,oDependant,,
output_638,oListOfSelectionSet,,
output_639,oWillBeCopied,,
output_640,oAttachList,,
output_641,oLoadParameters,,
output_642,oProduct,,
output_643,oPubAxisSystem,,
output_644,oProduct,,
output_645,oPubAxisSystem,,
output_646,oProduct,,
output_647,oPubAxisSystem,,
output_648,oProduct,,
output_649,oPubAxisSystem,,
output_650,oProduct,,
output_651,oPubAxisSystem,,
output_652,oX,,
output_653,oY,,
output_654,oZ,,
output_655,oAttrValue,,
output_656,opIAElem1,,
output_657,opIAElem2,,
output_658,opIAElem1,,
output_659,opIAElem2,,
output_660,oInfo,,
output_661,oManifold,,
output_662,oName,,
output_663,oMatrixAll,,
output_664,oLocked,,
output_665,oModified,,
output_666,oSymbol,,
output_667,oRadius,,
output_668,oCoordinates,,
output_669,oMotionProfile,,
output_670,oDeviceList,,
output_671,oTagName,,
output_672,oName,,
output_673,oName,,
output_674,oInstanceName,,
output_675,oName,,
output_676,oName,,
output_677,oName,,
output_678,oName,,
output_679,ofilmAmplitude,,
output_680,osinkAmplitude,,
output_681,oAng,,
output_682,oAng,,
output_683,oNbConstraints,,
output_684,oNbCtrPt,,
output_685,oNbCuttingElem,,
output_686,oNbElem,,
output_687,oNbElementsToKeep,,
output_688,oNbElementsToKeep,,
output_689,oNbElementsToRemove,,
output_690,oNbElementsToRemove,,
output_691,oNum,,
output_692,oNum,,
output_693,oNum,,
output_694,oLen,,
output_695,oSize,,
output_696,oNb,,
output_697,oI,,
output_698,oI,,
output_699,oNbChannel,,
output_700,oRad,,
output_701,oNbSample,,
output_702,oNumberOfURL,,
output_703,oNumberOfURL,,
output_704,oNewPrinterDir,,
output_705,oAdminLevel,,
output_706,oLocked,,
output_707,oOrientation,,
output_708,Orientation,,
output_709,oForceArray,,
output_710,oDispArray,,
output_711,otagListSize,,
output_712,oNumber,,
output_713,oNbGuides,,
output_714,oNumOfMfgAssemblies,,
output_715,oNbSections,,
output_716,oNumbers,,
output_717,oObject,,
output_718,oCoordinates,,
output_719,oObjProfile,,
output_720,oOffsetTrans,,
output_721,oOpType,,
output_722,oCurrentRank,,
output_723,oOrientation,,
output_724,Orientation,,
output_725,oCntr,,
output_726,oAlignmentDirection,,
output_727,oOrigin,,
output_728,oOrigin,,
output_729,oOrigin,,
output_730,oOrigin,,
output_731,oOriginCorner,,
output_732,oElem,,
output_733,oStream,,
output_734,oOverrun,,
output_735,Overrun,,
output_736,oLocked,,
output_737,oModified,,
output_738,oPrefix,,
output_739,oSuffix,,
output_740,oInfo,,
output_741,oPaperHeight,,
output_742,oPaperWidth,,
output_743,oParam,,
output_744,oParent,,
output_745,oParentMA,,
output_746,oListOfParts,,
output_747,oLDbPtPath,,
output_748,oLDbPtPath,,
output_749,oTCPPath,,
output_750,oProducts,,
output_751,oRegions,,
output_752,oDb6PlaceMatrix,,
output_753,oComponents,,
output_754,oR,,
output_755,oG,,
output_756,oB,,
output_757,oNormal,,
output_758,oNormal,,
output_759,oCoordinates,,
output_760,oX,,
output_761,oY,,
output_762,oX,,
output_763,oY,,
output_764,opIAPoint,,
output_765,oPassingPoint,,
output_766,oPoint,,
output_767,oParam,,
output_768,oPoint,,
output_769,opIADirTangency,,
output_770,oTangencyNorm,,
output_771,oInverseTangency,,
output_772,opIADirCurvature,,
output_773,oCurvatureRadius,,
output_774,opIACurveCst,,
output_775,oTangencyNorm,,
output_776,oInvertValue,,
output_777,oCrvCstType,,
output_778,oPos,,
output_779,oPoints,,
output_780,oPoints,,
output_781,oCoordinates,,
output_782,oCoordinates,,
output_783,oPortionNumber,,
output_784,oPos,,
output_785,oElem,,
output_786,oAngle,,
output_787,oElem,,
output_788,oCoordinate,,
output_789,oElem,,
output_790,oElem,,
output_791,oElem,,
output_792,oElem,,
output_793,oInversion,,
output_794,oX,,
output_795,oY,,
output_796,oZ,,
output_797,oTransform,,
output_798,oComponents,,
output_799,oDb2Position,,
output_800,oSegNum,,
output_801,oSegParm,,
output_802,oDb2Position,,
output_803,oPosition,,
output_804,oTransMatrix,,
output_805,oElem,,
output_806,oCoordinates,,
output_807,oPosVals,,
output_808,oLocked,,
output_809,oModified,,
output_810,oPressure,,
output_811,oOverclosure,,
output_812,oOrientation,,
output_813,Orientation,,
output_814,oComponents,,
output_815,oValues,,
output_816,oAdminLevel,,
output_817,oLocked,,
output_818,oAdminLevel,,
output_819,oLocked,,
output_820,oPath,,
output_821,oProcessTreeID,,
output_822,oProduct,,
output_823,oProduct,,
output_824,oProductBOMID,,
output_825,oProfileInstance,,
output_826,oProfiles,,
output_827,oRadius,,
output_828,oRed,,
output_829,oGreen,,
output_830,oBlue,,
output_831,oStatus,,
output_832,oInheritance,,
output_833,oStatus,,
output_834,oLineType,,
output_835,oStatus,,
output_836,oOpacity,,
output_837,oStatus,,
output_838,oLineWidth,,
output_839,oStatus,,
output_840,oDirectionType,,
output_841,oDirection,,
output_842,oReferencePoint,,
output_843,oSpineType,,
output_844,oSpine,,
output_845,oRelatedR,,
output_846,oRelatedG,,
output_847,oRelatedB,,
output_848,oRelationObjAttrProvider,,
output_849,oDb2RelativePosition,,
output_850,opIAElem1,,
output_851,opOrient1,,
output_852,opIAElem2,,
output_853,opOrient2,,
output_854,opIAElem1,,
output_855,opOrient1,,
output_856,opIAElem2,,
output_857,opOrient2,,
output_858,opIAElem1,,
output_859,opOrient1,,
output_860,opIAElem2,,
output_861,opOrient2,,
output_862,opIAElem1,,
output_863,opOrient1,,
output_864,opIAElem2,,
output_865,opOrient2,,
output_866,oReference,,
output_867,oProduct,,
output_868,oOffset,,
output_869,oPosition,,
output_870,oElem,,
output_871,oElem,,
output_872,oReshapeMode,,
output_873,oRes,,
output_874,oResourceTreeID,,
output_875,oRobotTargetMotion,,
output_876,oRoot,,
output_877,oRootsOfFacts,,
output_878,oDb1RotationAngleInRad,,
output_879,oRowSize,,
output_880,oBlendConnection,,
output_881,oPosition,,
output_882,oTime,,
output_883,oDb1ScaleFactor,,
output_884,oGRROwner,,
output_885,oContainer,,
output_886,oGRROwner,,
output_887,oScoredElement,,
output_888,oValue,,
output_889,oElem1,,
output_890,oElem2,,
output_891,olLawType,,
output_892,oDir,,
output_893,oSecondType,,
output_894,opIAElem,,
output_895,oLength1,,
output_896,oLength2,,
output_897,oLawType,,
output_898,oCoordinates,,
output_899,oCoordinates,,
output_900,oSection,,
output_901,oCrv,,
output_902,oOri,,
output_903,oPoint,,
output_904,oLocked,,
output_905,oModified,,
output_906,oDb2XY,,
output_907,oDofVals,,
output_908,oSelectedObjectID,,
output_909,oColor,,
output_910,oSight,,
output_911,oSimplify,,
output_912,oSize,,
output_913,oSize,,
output_914,oSpacing,,
output_915,oSpineType,,
output_916,oSpine,,
output_917,oType,,
output_918,oStartSectionTangent,,
output_919,oEndSectionTangent,,
output_920,oDb2StartPt,,
output_921,oGeometryPosition,,
output_922,oReference,,
output_923,oProduct,,
output_924,oOffset,,
output_925,oOrientation,,
output_926,oEInternalFlowStatus,,
output_927,oSize,,
output_928,oSupport,,
output_929,oSupport,,
output_930,oListSupportedRelations,,
output_931,oProducts,,
output_932,oSupports,,
output_933,oProducts,,
output_934,oSupports,,
output_935,oProducts,,
output_936,oSupports,,
output_937,oSuppressMode,,
output_938,oLocked,,
output_939,oModified,,
output_940,oColorSymb,,
output_941,oThickSymb,,
output_942,oTypeSymb,,
output_943,oGRR,,
output_944,oESymbolType,,
output_945,oSymbol,,
output_946,oSymbolType,,
output_947,oStatus,,
output_948,oSym,,
output_949,oSym,,
output_950,oSym,,
output_951,oSym,,
output_952,oSym,,
output_953,oSym,,
output_954,oTCPTraceMode,,
output_955,oTag,,
output_956,oTag,,
output_957,oNo,,
output_958,oShellOri,,
output_959,oGuideOri,,
output_960,oTangencyContinuity,,
output_961,oTangency,,
output_962,oTension,,
output_963,oDevice,,
output_964,oTask,,
output_965,oApplicativeObj,,
output_966,oApplicativeObj,,
output_967,oApplicativeObj,,
output_968,oApplicativeObj,,
output_969,oApplicativeObj,,
output_970,oApplicativeObj,,
output_971,oFilmCoeff,,
output_972,oTemperature,,
output_973,oAttrValue,,
output_974,oAttrValue,,
output_975,oAttrValue,,
output_976,oAttrValue,,
output_977,oThickness,,
output_978,oProducts,,
output_979,oRegions,,
output_980,oTime,,
output_981,oTemperature,,
output_982,oTime,,
output_983,oTemperature,,
output_984,oTolType,,
output_985,oTolName,,
output_986,oUpTol,,
output_987,oLowTol,,
output_988,odUpTol,,
output_989,odLowTol,,
output_990,oDisplayMode,,
output_991,oMobile,,
output_992,oToolProfile,,
output_993,oDb6Matrix,,
output_994,oDb6TransMatrix,,
output_995,oTransparencyColor,,
output_996,oTurnNumbers,,
output_997,oFrameName,,
output_998,oTagType,,
output_999,oType,,
output_1000,oType,,
output_1001,oUp,,
output_1002,oUpDirection,,
output_1003,oProfiles,,
output_1004,oVectorX,,
output_1005,oVectorY,,
output_1006,oViaStatus,,
output_1007,oLocked,,
output_1008,oModified,,
output_1009,oLocked,,
output_1010,oModified,,
output_1011,obVisible,,
output_1012,oGap,,
output_1013,oRed,,
output_1014,oGreen,,
output_1015,oBlue,,
output_1016,oStatus,,
output_1017,oInheritance,,
output_1018,oStatus,,
output_1019,oLineType,,
output_1020,oStatus,,
output_1021,oOpacity,,
output_1022,oStatus,,
output_1023,oLineWidth,,
output_1024,oStatus,,
output_1025,oSpeed,,
output_1026,oLocked,,
output_1027,oModified,,
output_1028,oworkbenchId,,
output_1029,oCoordinates,,
output_1030,oXAxis,,
output_1031,oX,,
output_1032,oCoordinates,,
output_1033,oYAxis,,
output_1034,oY,,
output_1035,oCoordinates,,
output_1036,oZAxis,,
output_1037,oZ,,
output_1038,oSafeArray,,
output_1039,oBYes,,
output_1040,oBYes,,
output_1041,oIPMBodiesListSize,,
output_1042,oDocumentWindowLocation,,
output_1043,oOutputState,,
output_1044,oWindowLocation2D,,
output_1045,oWindowLocation3D,,
output_1046,oOutputState,,
output_1047,oObjectSelected,,
output_1048,oDocumentWindowLocation,,
output_1049,oOutputState,,
output_1050,oObjectSelected,,
output_1051,oWindowLocation2D,,
output_1052,oWindowLocation3D,,
output_1053,oOutputState,,
output_1054,oData,,
output_1055,oManufacturingActivity,,
output_1056,oNewComponent,,
output_1057,oNewRoute,,
output_1058,Orientation,,
output_1059,oNOA,,
output_1060,oBYes,,
output_1061,oBYes,,
output_1062,oAssemble,,
output_1063,oLZoneBndy,,
output_1064,obStatus,,
output_1065,oBYes,,
output_1066,oGeod,,
output_1067,oGeod,,
output_1068,oGeod,,
output_1069,oHeterogeneousLaw,,
output_1070,oBIsGenerated,,
output_1071,oIsAutoMode,,
output_1072,oBYes,,
output_1073,oPeriodic,,
output_1074,oAuthorized,,
output_1075,oInsertCompatInfo,,
output_1076,oBYes,,
output_1077,oPlaceCompatInfo,,
output_1078,oBYes,,
output_1079,oLOKCntrs,,
output_1080,oBYes,,
output_1081,oPub,,
output_1082,oPositionning,,
output_1083,oPointed,,
output_1084,oSelectedElement,,
output_1085,oBottom,,
output_1086,oUp,,
output_1087,oListOfComponents,,
output_1088,oLGRR,,
output_1089,oLZoneBndy,,
output_1090,oLPartTypes,,
output_1091,oLCatalogPartNames,,
output_1092,oLCntbles,,
output_1093,oLCntrsOnThisObj,,
output_1094,oLCntrsOnConnected,,
output_1095,oLCntrClassFilter,,
output_1096,oLCntbleGRRs,,
output_1097,oLCntbles,,
output_1098,oLCntrsOnThisObj,,
output_1099,oLCntrsOnConnected,,
output_1100,oLCntrClassFilter,,
output_1101,oLCntrs,,
output_1102,oListOfDesignGeometries,,
output_1103,oListOfDesignGeometriesProducts,,
output_1104,oLDropOffViews,,
output_1105,oLDiscreteEncodedValues,,
output_1106,oLDiscreteDecodedValue,,
output_1107,oLExtremityObjs,,
output_1108,oListOfFixtureGeometries,,
output_1109,oListOfFixtureGeometriesProducts,,
output_1110,oLGRRZoneOwners,,
output_1111,oLGRR,,
output_1112,oLGRR,,
output_1113,oLGRR,,
output_1114,oLGRR,,
output_1115,oLGRR,,
output_1116,oListOfIPMBodies,,
output_1117,oLInternalFlow,,
output_1118,oListOfMachinableGeometry,,
output_1119,oListOfManufacturingActivityConnected,,
output_1120,oLGRR,,
output_1121,oLNetworkObjs,,
output_1122,oGeometry,,
output_1123,oProduct,,
output_1124,oNbShapes,,
output_1125,oLRouteSymbol,,
output_1126,oLSchCntrs,,
output_1127,oShapes,,
output_1128,oListOfStockGeometries,,
output_1129,oListOfStockGeometriesProducts,,
output_1130,oLZones,,
output_1131,oLoadedDoc,,
output_1132,oErrorMessages,,
output_1133,oMachinableGeometryCount,,
output_1134,oManufacturingActivityConnectedCount,,
output_1135,oCurveSection,,
output_1136,oClosingPoint,,
output_1137,oPtDiag,,
output_1138,oNumOfParts,,
output_1139,oNumOfParts,,
output_1140,oBYes,,
output_1141,oBYes,,
output_1142,oBYes,,
output_1143,oBYes,,
output_1144,oBYes,,
output_1145,oBYes,,
output_1146,oBYes,,
output_1147,oDb2LinePt,,
output_1148,oDb2LineVec,,
output_1149,oBYes,,
output_1150,oBYes,,
output_1151,oBYes,,
output_1152,oBYes,,
output_1153,oBYes,,
output_1154,oBYes,,
output_1155,oNewComponent,,
output_1156,oNewComponent,,
output_1157,oNewComponent,,
output_1158,oNewComponent,,
output_1159,oNewComponent,,
output_1160,oAmbientColor,,
output_1161,oStepReached,,
output_1162,oDiffuseColor,,
output_1163,oValue,,
output_1164,oSpecularColor,,
output_1165,oPlaceInfo,,
output_1166,oBYes,,
output_1167,oRouteRef,,
output_1168,oPointedToGRR,,
output_1169,oBYes,,
output_1170,oPointedToComp,,
output_1171,oBYes,,
output_1172,oPointedToGroup,,
output_1173,oNewComponent,,
output_1174,oNewComponent,,
output_1175,oPoint,,
output_1176,oPoint,,
output_1177,oNewComponent,,
output_1178,oMfgAssemblies,,
output_1179,oNumOfMfgAssemblies,,
output_1180,oItem,,
output_1181,oListErrorMessages,,
output_1182,oDb1ScaleFactor,,
output_1183,oDb1ScaleFactor,,
output_1184,oOutputState,,
output_1185,oOutputState,,
output_1186,oOutputState,,
output_1187,oAxisData,,
output_1188,OriginX,,
output_1189,OriginY,,
output_1190,OriginZ,,
output_1191,Outside,,
output_1192,oRealNameUnix,,
output_1193,oRealNameNT,,
output_1194,oValues,,
output_1195,oListPoints,,
output_1196,oFeedrate,,
output_1197,oFirstBox,,
output_1198,oSecondBox,,
output_1199,oThirdBox,,
output_1200,oID,,
output_1201,oParameter,,
output_1202,oJointVals,,
output_1203,oR,,
output_1204,oG,,
output_1205,oB,,
output_1206,oName,,
output_1207,Orientation,,
output_1208,oOffsetTransList,,
output_1209,Orientation,,
output_1210,Overrun,,
output_1211,oR,,
output_1212,oG,,
output_1213,oB,,
output_1214,oComponents,,
output_1215,oTransMatrix,,
output_1216,oPosVals,,
output_1217,Orientation,,
output_1218,oDofVals,,
output_1219,oTaperAngle,,
output_1220,oSupport,,
output_1221,oColorSymb,,
output_1222,oThickSymb,,
output_1223,oValue1,,
output_1224,oValue2,,
output_1225,oX,,
output_1226,oY,,
output_1227,oValues,,
output_1228,oValues,,
output_1229,oStockGeometriesListSize,,
output_1230,oGRR,,
output_1231,oText,,
output_1232,oUrl,,
output_1233,oUrl,,
output_1234,oValue1,,
output_1235,oValue2,,
