start_id,end_id
method_13,output_1
method_62,output_2
method_111,output_3
method_135,output_4
method_138,output_5
method_147,output_6
method_163,output_7
method_164,output_8
method_227,output_9
method_228,output_10
method_233,output_11
method_253,output_12
method_256,output_13
method_261,output_14
method_262,output_15
method_265,output_16
method_266,output_17
method_267,output_18
method_272,output_19
method_273,output_20
method_274,output_21
method_275,output_22
method_276,output_23
method_277,output_24
method_278,output_25
method_279,output_26
method_280,output_27
method_281,output_28
method_282,output_29
method_283,output_30
method_284,output_31
method_286,output_32
method_288,output_33
method_289,output_34
method_290,output_35
method_291,output_36
method_292,output_37
method_293,output_38
method_293,output_39
method_294,output_40
method_295,output_41
method_296,output_42
method_297,output_43
method_298,output_44
method_299,output_45
method_305,output_46
method_306,output_47
method_307,output_48
method_308,output_49
method_309,output_50
method_310,output_51
method_311,output_52
method_313,output_53
method_314,output_54
method_315,output_55
method_320,output_56
method_321,output_57
method_328,output_58
method_329,output_59
method_330,output_60
method_333,output_61
method_334,output_62
method_335,output_63
method_336,output_64
method_337,output_65
method_338,output_66
method_339,output_67
method_340,output_68
method_341,output_69
method_342,output_70
method_343,output_71
method_344,output_72
method_345,output_73
method_346,output_74
method_347,output_75
method_348,output_76
method_349,output_77
method_350,output_78
method_351,output_79
method_352,output_80
method_354,output_81
method_356,output_82
method_357,output_83
method_360,output_84
method_361,output_85
method_362,output_86
method_363,output_87
method_364,output_88
method_365,output_89
method_366,output_90
method_367,output_91
method_367,output_92
method_368,output_93
method_369,output_94
method_370,output_95
method_371,output_96
method_374,output_97
method_375,output_98
method_376,output_99
method_377,output_100
method_378,output_101
method_379,output_102
method_380,output_103
method_381,output_104
method_382,output_105
method_383,output_106
method_384,output_107
method_385,output_108
method_386,output_109
method_387,output_110
method_388,output_111
method_389,output_112
method_390,output_113
method_391,output_114
method_393,output_115
method_397,output_116
method_398,output_117
method_404,output_118
method_407,output_119
method_411,output_120
method_423,output_121
method_424,output_122
method_425,output_123
method_426,output_124
method_430,output_125
method_439,output_126
method_440,output_127
method_441,output_128
method_442,output_129
method_443,output_130
method_448,output_131
method_449,output_132
method_449,output_133
method_452,output_134
method_457,output_135
method_466,output_136
method_467,output_137
method_509,output_138
method_527,output_139
method_601,output_140
method_604,output_141
method_605,output_142
method_607,output_143
method_608,output_144
method_609,output_145
method_610,output_146
method_611,output_147
method_612,output_148
method_613,output_149
method_614,output_150
method_615,output_151
method_616,output_152
method_617,output_153
method_618,output_154
method_619,output_155
method_620,output_156
method_621,output_157
method_622,output_158
method_623,output_159
method_624,output_160
method_627,output_161
method_628,output_162
method_629,output_163
method_630,output_164
method_631,output_165
method_631,output_166
method_632,output_167
method_633,output_168
method_634,output_169
method_635,output_170
method_635,output_171
method_635,output_172
method_636,output_173
method_636,output_174
method_636,output_175
method_636,output_176
method_636,output_177
method_637,output_178
method_637,output_179
method_637,output_180
method_638,output_181
method_639,output_182
method_640,output_183
method_641,output_184
method_642,output_185
method_645,output_186
method_646,output_187
method_647,output_188
method_647,output_189
method_647,output_190
method_648,output_191
method_648,output_192
method_649,output_193
method_649,output_194
method_650,output_195
method_650,output_196
method_651,output_197
method_654,output_198
method_655,output_199
method_655,output_200
method_655,output_201
method_656,output_202
method_656,output_203
method_656,output_204
method_656,output_205
method_657,output_206
method_657,output_207
method_658,output_208
method_658,output_209
method_659,output_210
method_659,output_211
method_660,output_212
method_661,output_213
method_662,output_214
method_664,output_215
method_665,output_216
method_666,output_217
method_668,output_218
method_669,output_219
method_670,output_220
method_671,output_221
method_672,output_222
method_673,output_223
method_674,output_224
method_675,output_225
method_676,output_226
method_677,output_227
method_678,output_228
method_679,output_229
method_680,output_230
method_681,output_231
method_682,output_232
method_683,output_233
method_684,output_234
method_704,output_235
method_706,output_236
method_750,output_237
method_751,output_238
method_756,output_239
method_756,output_240
method_757,output_241
method_758,output_242
method_835,output_243
method_842,output_244
method_843,output_245
method_844,output_246
method_846,output_247
method_847,output_248
method_848,output_249
method_871,output_250
method_872,output_251
method_873,output_252
method_878,output_253
method_880,output_254
method_881,output_255
method_887,output_256
method_899,output_257
method_900,output_258
method_905,output_259
method_907,output_260
method_910,output_261
method_912,output_262
method_913,output_263
method_916,output_264
method_919,output_265
method_920,output_266
method_921,output_267
method_922,output_268
method_923,output_269
method_924,output_270
method_925,output_271
method_926,output_272
method_927,output_273
method_928,output_274
method_951,output_275
method_952,output_276
method_955,output_277
method_958,output_278
method_959,output_279
method_960,output_280
method_962,output_281
method_970,output_282
method_984,output_283
method_985,output_284
method_986,output_285
method_987,output_286
method_988,output_287
method_992,output_288
method_993,output_289
method_994,output_290
method_995,output_291
method_996,output_292
method_998,output_293
method_1017,output_294
method_1018,output_295
method_1019,output_296
method_1020,output_297
method_1021,output_298
method_1022,output_299
method_1023,output_300
method_1024,output_301
method_1025,output_302
method_1070,output_303
method_1099,output_304
method_1102,output_305
method_1105,output_306
method_1109,output_307
method_1111,output_308
method_1127,output_309
method_1130,output_310
method_1139,output_311
method_1156,output_312
method_1158,output_313
method_1161,output_314
method_1162,output_315
method_1166,output_316
method_1167,output_317
method_1171,output_318
method_1172,output_319
method_1187,output_320
method_1187,output_321
method_1187,output_322
method_1193,output_323
method_1221,output_324
method_1229,output_325
method_1236,output_326
method_1237,output_327
method_1240,output_328
method_1241,output_329
method_1242,output_330
method_1243,output_331
method_1246,output_332
method_1247,output_333
method_1249,output_334
method_1252,output_335
method_1257,output_336
method_1258,output_337
method_1258,output_338
method_1263,output_339
method_1263,output_340
method_1266,output_341
method_1266,output_342
method_1267,output_343
method_1267,output_344
method_1272,output_345
method_1272,output_346
method_1276,output_347
method_1280,output_348
method_1280,output_349
method_1280,output_350
method_1284,output_351
method_1285,output_352
method_1286,output_353
method_1286,output_354
method_1309,output_355
method_1309,output_356
method_1310,output_357
method_1310,output_358
method_1315,output_359
method_1318,output_360
method_1322,output_361
method_1324,output_362
method_1327,output_363
method_1328,output_364
method_1329,output_365
method_1330,output_366
method_1339,output_367
method_1365,output_368
method_1366,output_369
method_1367,output_370
method_1380,output_371
method_1400,output_372
method_1400,output_373
method_1401,output_374
method_1402,output_375
method_1404,output_376
method_1405,output_377
method_1407,output_378
method_1409,output_379
method_1410,output_380
method_1412,output_381
method_1412,output_382
method_1417,output_383
method_1423,output_384
method_1423,output_385
method_1423,output_386
method_1423,output_387
method_1426,output_388
method_1426,output_389
method_1427,output_390
method_1432,output_391
method_1440,output_392
method_1449,output_393
method_1450,output_394
method_1451,output_395
method_1454,output_396
method_1462,output_397
method_1463,output_398
method_1467,output_399
method_1470,output_400
method_1471,output_401
method_1472,output_402
method_1473,output_403
method_1474,output_404
method_1475,output_405
method_1479,output_406
method_1482,output_407
method_1482,output_408
method_1482,output_409
method_1485,output_410
method_1486,output_411
method_1488,output_412
method_1488,output_413
method_1488,output_414
method_1488,output_415
method_1488,output_416
method_1489,output_417
method_1489,output_418
method_1497,output_419
method_1497,output_420
method_1497,output_421
method_1506,output_422
method_1512,output_423
method_1512,output_424
method_1512,output_425
method_1512,output_426
method_1513,output_427
method_1517,output_428
method_1518,output_429
method_1527,output_430
method_1532,output_431
method_1533,output_432
method_1536,output_433
method_1540,output_434
method_1542,output_435
method_1543,output_436
method_1543,output_437
method_1547,output_438
method_1551,output_439
method_1552,output_440
method_1553,output_441
method_1554,output_442
method_1555,output_443
method_1558,output_444
method_1560,output_445
method_1561,output_446
method_1562,output_447
method_1566,output_448
method_1573,output_449
method_1574,output_450
method_1581,output_451
method_1585,output_452
method_1585,output_453
method_1592,output_454
method_1593,output_455
method_1593,output_456
method_1595,output_457
method_1595,output_458
method_1597,output_459
method_1598,output_460
method_1598,output_461
method_1621,output_462
method_1622,output_463
method_1623,output_464
method_1625,output_465
method_1630,output_466
method_1630,output_467
method_1631,output_468
method_1631,output_469
method_1634,output_470
method_1634,output_471
method_1653,output_472
method_1653,output_473
method_1657,output_474
method_1658,output_475
method_1658,output_476
method_1662,output_477
method_1663,output_478
method_1682,output_479
method_1682,output_480
method_1683,output_481
method_1683,output_482
method_1684,output_483
method_1684,output_484
method_1685,output_485
method_1685,output_486
method_1692,output_487
method_1692,output_488
method_1693,output_489
method_1693,output_490
method_1703,output_491
method_1707,output_492
method_1717,output_493
method_1734,output_494
method_1744,output_495
method_1748,output_496
method_1748,output_497
method_1749,output_498
method_1755,output_499
method_1756,output_500
method_1756,output_501
method_1763,output_502
method_1767,output_503
method_1769,output_504
method_1769,output_505
method_1769,output_506
method_1769,output_507
method_1769,output_508
method_1769,output_509
method_1771,output_510
method_1775,output_511
method_1777,output_512
method_1778,output_513
method_1788,output_514
method_1788,output_515
method_1789,output_516
method_1808,output_517
method_1808,output_518
method_1812,output_519
method_1812,output_520
method_1813,output_521
method_1814,output_522
method_1816,output_523
method_1817,output_524
method_1817,output_525
method_1824,output_526
method_1825,output_527
method_1830,output_528
method_1834,output_529
method_1834,output_530
method_1839,output_531
method_1839,output_532
method_1839,output_533
method_1843,output_534
method_1843,output_535
method_1844,output_536
method_1844,output_537
method_1844,output_538
method_1845,output_539
method_1846,output_540
method_1850,output_541
method_1864,output_542
method_1865,output_543
method_1866,output_544
method_1867,output_545
method_1868,output_546
method_1869,output_547
method_1870,output_548
method_1871,output_549
method_1873,output_550
method_1873,output_551
method_1873,output_552
method_1873,output_553
method_1875,output_554
method_1875,output_555
method_1875,output_556
method_1877,output_557
method_1879,output_558
method_1883,output_559
method_1883,output_560
method_1883,output_561
method_1883,output_562
method_1885,output_563
method_1886,output_564
method_1887,output_565
method_1888,output_566
method_1888,output_567
method_1888,output_568
method_1891,output_569
method_1892,output_570
method_1894,output_571
method_1896,output_572
method_1896,output_573
method_1917,output_574
method_1917,output_575
method_1918,output_576
method_1920,output_577
method_1920,output_578
method_1921,output_579
method_1921,output_580
method_1922,output_581
method_1922,output_582
method_1929,output_583
method_1934,output_584
method_1944,output_585
method_1944,output_586
method_1973,output_587
method_1975,output_588
method_1988,output_589
method_1992,output_590
method_1993,output_591
method_1994,output_592
method_1996,output_593
method_1999,output_594
method_2000,output_595
method_2001,output_596
method_2002,output_597
method_2005,output_598
method_2015,output_599
method_2017,output_600
method_2018,output_601
method_2020,output_602
method_2021,output_603
method_2027,output_604
method_2028,output_605
method_2028,output_606
method_2028,output_607
method_2031,output_608
method_2031,output_609
method_2033,output_610
method_2034,output_611
method_2034,output_612
method_2035,output_613
method_2035,output_614
method_2037,output_615
method_2040,output_616
method_2043,output_617
method_2045,output_618
method_2045,output_619
method_2048,output_620
method_2049,output_621
method_2050,output_622
method_2051,output_623
method_2052,output_624
method_2053,output_625
method_2054,output_626
method_2064,output_627
method_2070,output_628
method_2071,output_629
method_2073,output_630
method_2075,output_631
method_2076,output_632
method_2076,output_633
method_2078,output_634
method_2079,output_635
method_2092,output_636
method_2093,output_637
method_2103,output_638
method_2106,output_639
method_2109,output_640
method_2123,output_641
method_2127,output_642
method_2127,output_643
method_2128,output_644
method_2128,output_645
method_2129,output_646
method_2129,output_647
method_2130,output_648
method_2130,output_649
method_2131,output_650
method_2131,output_651
method_2134,output_652
method_2134,output_653
method_2134,output_654
method_2141,output_655
method_2142,output_656
method_2142,output_657
method_2144,output_658
method_2144,output_659
method_2151,output_660
method_2155,output_661
method_2197,output_662
method_2204,output_663
method_2211,output_664
method_2211,output_665
method_2212,output_666
method_2225,output_667
method_2233,output_668
method_2249,output_669
method_2254,output_670
method_2264,output_671
method_2265,output_672
method_2266,output_673
method_2267,output_674
method_2268,output_675
method_2269,output_676
method_2271,output_677
method_2272,output_678
method_2273,output_679
method_2274,output_680
method_2277,output_681
method_2278,output_682
method_2280,output_683
method_2281,output_684
method_2282,output_685
method_2283,output_686
method_2284,output_687
method_2285,output_688
method_2286,output_689
method_2287,output_690
method_2288,output_691
method_2290,output_692
method_2291,output_693
method_2294,output_694
method_2295,output_695
method_2296,output_696
method_2298,output_697
method_2300,output_698
method_2301,output_699
method_2302,output_700
method_2303,output_701
method_2304,output_702
method_2305,output_703
method_2306,output_704
method_2307,output_705
method_2307,output_706
method_2313,output_707
method_2313,output_708
method_2323,output_709
method_2323,output_710
method_2331,output_711
method_2334,output_712
method_2339,output_713
method_2340,output_714
method_2345,output_715
method_2349,output_716
method_2353,output_717
method_2355,output_718
method_2356,output_719
method_2358,output_720
method_2363,output_721
method_2371,output_722
method_2373,output_723
method_2373,output_724
method_2374,output_725
method_2377,output_726
method_2378,output_727
method_2383,output_728
method_2387,output_729
method_2391,output_730
method_2397,output_731
method_2406,output_732
method_2418,output_733
method_2421,output_734
method_2421,output_735
method_2423,output_736
method_2423,output_737
method_2430,output_738
method_2430,output_739
method_2433,output_740
method_2434,output_741
method_2435,output_742
method_2436,output_743
method_2454,output_744
method_2455,output_745
method_2463,output_746
method_2467,output_747
method_2468,output_748
method_2469,output_749
method_2476,output_750
method_2476,output_751
method_2478,output_752
method_2479,output_753
method_2483,output_754
method_2483,output_755
method_2483,output_756
method_2485,output_757
method_2486,output_758
method_2495,output_759
method_2496,output_760
method_2496,output_761
method_2497,output_762
method_2497,output_763
method_2499,output_764
method_2500,output_765
method_2501,output_766
method_2501,output_767
method_2502,output_768
method_2503,output_769
method_2503,output_770
method_2503,output_771
method_2503,output_772
method_2503,output_773
method_2504,output_774
method_2504,output_775
method_2504,output_776
method_2504,output_777
method_2505,output_778
method_2506,output_779
method_2507,output_780
method_2508,output_781
method_2509,output_782
method_2510,output_783
method_2511,output_784
method_2512,output_785
method_2513,output_786
method_2514,output_787
method_2515,output_788
method_2516,output_789
method_2517,output_790
method_2518,output_791
method_2519,output_792
method_2520,output_793
method_2522,output_794
method_2522,output_795
method_2522,output_796
method_2523,output_797
method_2524,output_798
method_2525,output_799
method_2526,output_800
method_2526,output_801
method_2527,output_802
method_2528,output_803
method_2529,output_804
method_2530,output_805
method_2531,output_806
method_2532,output_807
method_2538,output_808
method_2538,output_809
method_2539,output_810
method_2539,output_811
method_2551,output_812
method_2551,output_813
method_2552,output_814
method_2553,output_815
method_2556,output_816
method_2556,output_817
method_2559,output_818
method_2559,output_819
method_2569,output_820
method_2571,output_821
method_2572,output_822
method_2573,output_823
method_2575,output_824
method_2580,output_825
method_2581,output_826
method_2616,output_827
method_2620,output_828
method_2620,output_829
method_2620,output_830
method_2620,output_831
method_2622,output_832
method_2622,output_833
method_2623,output_834
method_2623,output_835
method_2624,output_836
method_2624,output_837
method_2625,output_838
method_2625,output_839
method_2632,output_840
method_2632,output_841
method_2634,output_842
method_2635,output_843
method_2635,output_844
method_2636,output_845
method_2636,output_846
method_2636,output_847
method_2640,output_848
method_2644,output_849
method_2648,output_850
method_2648,output_851
method_2648,output_852
method_2648,output_853
method_2649,output_854
method_2649,output_855
method_2649,output_856
method_2649,output_857
method_2650,output_858
method_2650,output_859
method_2650,output_860
method_2650,output_861
method_2651,output_862
method_2651,output_863
method_2651,output_864
method_2651,output_865
method_2652,output_866
method_2652,output_867
method_2652,output_868
method_2652,output_869
method_2653,output_870
method_2654,output_871
method_2665,output_872
method_2667,output_873
method_2670,output_874
method_2675,output_875
method_2679,output_876
method_2680,output_877
method_2685,output_878
method_2692,output_879
method_2693,output_880
method_2758,output_881
method_2759,output_882
method_2771,output_883
method_2776,output_884
method_2777,output_885
method_2778,output_886
method_2780,output_887
method_2781,output_888
method_2783,output_889
method_2783,output_890
method_2783,output_891
method_2788,output_892
method_2789,output_893
method_2789,output_894
method_2790,output_895
method_2790,output_896
method_2790,output_897
method_2791,output_898
method_2792,output_899
method_2795,output_900
method_2797,output_901
method_2797,output_902
method_2797,output_903
method_2798,output_904
method_2798,output_905
method_2800,output_906
method_2802,output_907
method_2808,output_908
method_2811,output_909
method_2827,output_910
method_2828,output_911
method_2830,output_912
method_2831,output_913
method_2838,output_914
method_2842,output_915
method_2842,output_916
method_2843,output_917
method_2846,output_918
method_2846,output_919
method_2847,output_920
method_2848,output_921
method_2848,output_922
method_2848,output_923
method_2848,output_924
method_2850,output_925
method_2855,output_926
method_2867,output_927
method_2871,output_928
method_2872,output_929
method_2874,output_930
method_2875,output_931
method_2875,output_932
method_2876,output_933
method_2876,output_934
method_2877,output_935
method_2877,output_936
method_2878,output_937
method_2880,output_938
method_2880,output_939
method_2884,output_940
method_2885,output_941
method_2886,output_942
method_2887,output_943
method_2887,output_944
method_2888,output_945
method_2889,output_946
method_2889,output_947
method_2891,output_948
method_2892,output_949
method_2893,output_950
method_2894,output_951
method_2895,output_952
method_2896,output_953
method_2900,output_954
method_2902,output_955
method_2905,output_956
method_2908,output_957
method_2908,output_958
method_2908,output_959
method_2909,output_960
method_2911,output_961
method_2913,output_962
method_2915,output_963
method_2920,output_964
method_2926,output_965
method_2928,output_966
method_2929,output_967
method_2930,output_968
method_2931,output_969
method_2932,output_970
method_2933,output_971
method_2933,output_972
method_2935,output_973
method_2936,output_974
method_2937,output_975
method_2938,output_976
method_2951,output_977
method_2953,output_978
method_2953,output_979
method_2955,output_980
method_2955,output_981
method_2956,output_982
method_2956,output_983
method_2961,output_984
method_2961,output_985
method_2961,output_986
method_2961,output_987
method_2961,output_988
method_2961,output_989
method_2961,output_990
method_2965,output_991
method_2966,output_992
method_2989,output_993
method_2990,output_994
method_2993,output_995
method_3003,output_996
method_3005,output_997
method_3006,output_998
method_3007,output_999
method_3011,output_1000
method_3032,output_1001
method_3033,output_1002
method_3047,output_1003
method_3061,output_1004
method_3061,output_1005
method_3065,output_1006
method_3067,output_1007
method_3067,output_1008
method_3068,output_1009
method_3068,output_1010
method_3085,output_1011
method_3086,output_1012
method_3087,output_1013
method_3087,output_1014
method_3087,output_1015
method_3087,output_1016
method_3088,output_1017
method_3088,output_1018
method_3089,output_1019
method_3089,output_1020
method_3090,output_1021
method_3090,output_1022
method_3091,output_1023
method_3091,output_1024
method_3112,output_1025
method_3117,output_1026
method_3117,output_1027
method_3119,output_1028
method_3120,output_1029
method_3121,output_1030
method_3125,output_1031
method_3127,output_1032
method_3128,output_1033
method_3130,output_1034
method_3131,output_1035
method_3132,output_1036
method_3133,output_1037
method_3134,output_1038
method_3148,output_1039
method_3151,output_1040
method_3167,output_1041
method_3170,output_1042
method_3170,output_1043
method_3171,output_1044
method_3171,output_1045
method_3171,output_1046
method_3172,output_1047
method_3172,output_1048
method_3172,output_1049
method_3173,output_1050
method_3173,output_1051
method_3173,output_1052
method_3173,output_1053
method_3175,output_1054
method_3178,output_1055
method_3194,output_1056
method_3194,output_1057
method_3197,output_1058
method_3203,output_1059
method_3229,output_1060
method_3235,output_1061
method_3236,output_1062
method_3237,output_1063
method_3247,output_1064
method_3250,output_1065
method_3252,output_1066
method_3253,output_1067
method_3254,output_1068
method_3256,output_1069
method_3257,output_1070
method_3258,output_1071
method_3261,output_1072
method_3266,output_1073
method_3267,output_1074
method_3276,output_1075
method_3276,output_1076
method_3277,output_1077
method_3277,output_1078
method_3278,output_1079
method_3278,output_1080
method_3345,output_1081
method_3392,output_1082
method_3392,output_1083
method_3417,output_1084
method_3433,output_1085
method_3433,output_1086
method_3437,output_1087
method_3439,output_1088
method_3443,output_1089
method_3445,output_1090
method_3445,output_1091
method_3446,output_1092
method_3446,output_1093
method_3446,output_1094
method_3447,output_1095
method_3447,output_1096
method_3447,output_1097
method_3447,output_1098
method_3447,output_1099
method_3448,output_1100
method_3448,output_1101
method_3450,output_1102
method_3451,output_1103
method_3453,output_1104
method_3454,output_1105
method_3454,output_1106
method_3455,output_1107
method_3456,output_1108
method_3457,output_1109
method_3458,output_1110
method_3459,output_1111
method_3460,output_1112
method_3461,output_1113
method_3462,output_1114
method_3463,output_1115
method_3465,output_1116
method_3467,output_1117
method_3469,output_1118
method_3470,output_1119
method_3472,output_1120
method_3473,output_1121
method_3476,output_1122
method_3476,output_1123
method_3476,output_1124
method_3478,output_1125
method_3479,output_1126
method_3480,output_1127
method_3482,output_1128
method_3483,output_1129
method_3485,output_1130
method_3487,output_1131
method_3487,output_1132
method_3491,output_1133
method_3494,output_1134
method_3506,output_1135
method_3506,output_1136
method_3506,output_1137
method_3530,output_1138
method_3531,output_1139
method_3532,output_1140
method_3533,output_1141
method_3534,output_1142
method_3535,output_1143
method_3536,output_1144
method_3537,output_1145
method_3538,output_1146
method_3538,output_1147
method_3538,output_1148
method_3539,output_1149
method_3540,output_1150
method_3541,output_1151
method_3542,output_1152
method_3543,output_1153
method_3544,output_1154
method_3554,output_1155
method_3555,output_1156
method_3556,output_1157
method_3557,output_1158
method_3558,output_1159
method_3579,output_1160
method_3584,output_1161
method_3585,output_1162
method_3606,output_1163
method_3615,output_1164
method_3625,output_1165
method_3626,output_1166
method_3626,output_1167
method_3626,output_1168
method_3627,output_1169
method_3627,output_1170
method_3628,output_1171
method_3628,output_1172
method_3904,output_1173
method_3907,output_1174
method_3913,output_1175
method_3914,output_1176
method_3915,output_1177
method_3940,output_1178
method_3940,output_1179
method_3941,output_1180
method_3981,output_1181
method_3982,output_1182
method_3985,output_1183
method_3994,output_1184
method_3995,output_1185
method_3996,output_1186
method_4000,output_1187
method_4186,output_1188
method_4186,output_1189
method_4186,output_1190
method_4228,output_1191
method_4290,output_1192
method_4290,output_1193
method_4316,output_1194
method_4342,output_1195
method_4483,output_1196
method_4513,output_1197
method_4513,output_1198
method_4513,output_1199
method_4572,output_1200
method_4624,output_1201
method_4633,output_1202
method_4641,output_1203
method_4641,output_1204
method_4641,output_1205
method_4805,output_1206
method_4823,output_1207
method_4847,output_1208
method_4867,output_1209
method_4888,output_1210
method_4942,output_1211
method_4942,output_1212
method_4942,output_1213
method_4969,output_1214
method_4973,output_1215
method_4976,output_1216
method_4994,output_1217
method_5200,output_1218
method_5257,output_1219
method_5271,output_1220
method_5278,output_1221
method_5279,output_1222
method_5417,output_1223
method_5417,output_1224
method_5473,output_1225
method_5473,output_1226
method_5483,output_1227
method_5484,output_1228
method_5495,output_1229
method_5504,output_1230
method_5544,output_1231
method_5554,output_1232
method_5555,output_1233
method_5615,output_1234
method_5615,output_1235
